{
    "MAE": 1.0464020247114,
    "-ELBO": -0.633926136363636,
    "real_epochs": 2000.0
}