{
    "MAE": 0.580729613095238,
    "real_epochs": 425.0,
    "FDR_HMP": 4.68927572943037e-10,
    "FDR_sig_frac": 0.947,
    "-ELBO": -3.85833928571429
}