{
    "MAE": 0.580732273629149,
    "real_epochs": 421.0,
    "FDR_HMP": 4.97375173799454e-10,
    "FDR_sig_frac": 0.948,
    "-ELBO": -3.86463582251082
}