{
    "-ELBO": -1.59440953089343,
    "real_epochs": 4000.0,
    "MAE": 1.01121762274137,
    "FDR_sig_frac": 0.044,
    "FDR_HMP": 1.90970425657045e-05
}