{
    "FDR_sig_frac": 0.988,
    "real_epochs": 4000.0,
    "FDR_HMP": 5.79849019334453e-12,
    "MAE": 1.4861641729798,
    "-ELBO": -0.578490462662338
}